k,silhouette_score,inercia
2,0.2280069381240792,878.6401040430628
3,0.26510115003906287,675.1963531297513
4,0.2755327543102876,516.145605466412
5,0.2168853377476345,463.2782425692267
6,0.20974077625761123,417.6361050177579
