cluster,peliculas,promedio_reproducciones,promedio_popularidad,promedio_votos
0,166,7841.0859375,41.70894096385542,7.217475903614457
1,10,7352.111111111111,383.4905,6.7052
2,94,3029.436170212766,43.01693191489361,7.00236170212766
3,22,5314.375,43.181095454545456,1.6109090909090908
